Antibody 1, ,Antibody 2,cAlpha,centRoid,MinDistance'
'Ab1.H:4:LEU, ,Ab3.H:1:ASP,3.4,4.0,0.6'
'Ab1.H:5:GLN, ,Ab3.H:1:ASP,1.3,3.6,0.7'
'Ab1.H:6:GLU, ,Ab3.H:1:ASP,3.8,3.7,1.6'
'Ab1.H:6:GLU, ,Ab3.H:2:VAL,4.4,3.5,0.6'
'Ab1.L:10:SER, ,Ab3.H:10:GLY,4.8,4.7,1.6'
'Ab1.L:10:SER, ,Ab3.H:11:LEU,3.7,3.5,1.6'
'Ab2.H:6:GLN, ,Ab3.H:21:THR,3.1,5.0,1.2'
'Ab2.H:6:GLN, ,Ab3.H:22:CYS,3.5,2.7,1.3'
'Ab2.H:7:SER, ,Ab3.H:6:GLU,3.9,4.4,1.0'
'Ab2.H:7:SER, ,Ab3.H:7:SER,4.1,3.0,1.4'
'Ab2.H:7:SER, ,Ab3.H:20:LEU,3.3,4.2,1.6'
'Ab2.H:7:SER, ,Ab3.H:21:THR,2.0,3.0,1.1'
'Ab2.H:7:SER, ,Ab3.H:22:CYS,3.2,3.5,0.9'
'Ab2.H:8:GLY, ,Ab3.H:6:GLU,4.9,5.8,2.2'
'Ab2.H:8:GLY, ,Ab3.H:7:SER,3.3,2.4,0.8'
'Ab2.H:8:GLY, ,Ab3.H:21:THR,3.4,2.9,1.0'
'Ab2.H:8:GLY, ,Ab3.H:22:CYS,4.9,5.0,2.4'
'